"","COUNTY","Reported.Drought","Local.Rules.Exist","Traditional.Rules.Exist","More.Local.Rules.Exist","More.Traditional.Rules.Exist"
"1","NAIROBI             ",1,1,0,0,0
"2","NAIROBI             ",1,1,1,0,0
"3","NAIROBI             ",0,1,0,1,0
"4","NAIROBI             ",0,1,0,1,0
"5","NAIROBI             ",1,0,0,0,0
"6","NAIROBI             ",1,1,1,0,0
"7","NAIROBI             ",1,1,1,1,1
"8","NAIROBI             ",1,0,1,0,0
"9","NAIROBI             ",1,0,0,0,0
"10","NAIROBI             ",1,0,0,0,1
"11","NAIROBI             ",0,1,1,0,0
"12","NAIROBI             ",0,1,1,0,0
"13","NAIROBI             ",1,0,0,0,0
"14","NAIROBI             ",1,1,1,0,0
"15","NAIROBI             ",1,0,0,0,0
"16","NAIROBI             ",0,0,0,0,0
"17","NAIROBI             ",1,0,0,0,0
"18","NAIROBI             ",1,1,1,1,0
"19","NAIROBI             ",0,1,1,0,0
"20","NAIROBI             ",0,1,1,1,1
"21","NAIROBI             ",1,1,0,0,0
"22","NAIROBI             ",1,1,1,0,0
"23","NAIROBI             ",1,1,1,1,1
"24","NAIROBI             ",1,0,0,0,0
"25","NAIROBI             ",1,0,0,0,0
"26","NAIROBI             ",1,1,1,1,0
"27","NAIROBI             ",0,1,0,1,0
"28","NAIROBI             ",0,1,1,1,1
"29","NAIROBI             ",1,0,1,0,0
"30","NAIROBI             ",1,0,1,0,0
"31","NAIROBI             ",1,0,0,0,0
"32","NAIROBI             ",1,1,1,1,0
"33","NAIROBI             ",0,0,0,0,0
"34","NAIROBI             ",0,0,0,0,0
"35","NAIROBI             ",0,0,0,0,0
"36","NAIROBI             ",0,0,0,0,0
"37","NAIROBI             ",0,0,0,0,0
"38","NAIROBI             ",0,0,0,0,0
"39","NAIROBI             ",0,0,0,0,1
"40","NAIROBI             ",1,0,0,1,0
"41","NAIROBI             ",0,0,0,0,0
"42","NAIROBI             ",0,0,0,0,0
"43","NAIROBI             ",0,0,0,0,0
"44","NAIROBI             ",0,0,0,0,0
"45","NAIROBI             ",1,0,0,0,0
"46","NAIROBI             ",0,0,0,1,0
"47","NAIROBI             ",1,0,0,0,0
"48","NAIROBI             ",0,0,0,0,0
"49","NAIROBI             ",0,0,0,0,0
"50","NAIROBI             ",0,0,0,1,0
"51","NAIROBI             ",0,0,0,0,0
"52","NAIROBI             ",1,0,0,0,0
"53","NAIROBI             ",1,0,0,0,0
"54","NAIROBI             ",0,0,0,0,0
"55","NAIROBI             ",0,0,0,0,0
"56","NAIROBI             ",0,0,0,0,0
"57","NAIROBI             ",0,0,0,0,0
"58","NAIROBI             ",1,0,0,0,0
"59","NAIROBI             ",1,0,0,0,0
"60","NAIROBI             ",1,0,0,0,0
"61","NAIROBI             ",0,0,0,0,0
"62","NAIROBI             ",0,0,0,0,0
"63","NAIROBI             ",0,0,0,0,0
"64","NAIROBI             ",0,0,0,0,0
"65","NAIROBI             ",0,0,0,0,0
"66","NAIROBI             ",1,0,0,0,0
"67","NAIROBI             ",0,0,0,0,0
"68","NAIROBI             ",0,0,0,0,0
"69","NAIROBI             ",0,0,0,0,0
"70","NAIROBI             ",0,0,0,0,1
"71","NAIROBI             ",0,0,0,0,0
"72","NAIROBI             ",1,0,0,0,0
"73","NAIROBI             ",0,0,0,0,0
"74","NAIROBI             ",0,0,0,0,0
"75","NAIROBI             ",0,0,0,0,0
"76","NAIROBI             ",1,0,0,0,0
"77","NAIROBI             ",1,0,0,0,0
"78","NAIROBI             ",0,0,0,0,0
"79","NAIROBI             ",1,0,0,0,0
"80","NAIROBI             ",1,0,0,0,0
"81","NAIROBI             ",1,0,1,1,1
"82","NAIROBI             ",0,0,0,0,0
"83","NAIROBI             ",1,0,1,0,0
"84","NAIROBI             ",1,0,0,0,0
"85","NAIROBI             ",1,0,0,0,0
"86","NAIROBI             ",1,0,0,0,0
"87","NAIROBI             ",1,0,0,0,0
"88","NAIROBI             ",1,0,0,0,0
"89","NAIROBI             ",0,0,0,1,0
"90","NAIROBI             ",1,0,0,0,0
"91","NAIROBI             ",1,1,0,0,0
"92","NAIROBI             ",0,0,0,0,0
"93","NAIROBI             ",0,0,0,0,0
"94","NAIROBI             ",1,0,0,0,0
"95","NAIROBI             ",1,1,1,0,1
"96","NAIROBI             ",1,0,1,0,0
"97","NAIROBI             ",1,1,1,0,1
"98","NAIROBI             ",0,1,0,1,1
"99","NAIROBI             ",1,1,0,0,0
"100","NAIROBI             ",1,0,0,0,0
"101","NAIROBI             ",1,1,0,0,0
"102","NAIROBI             ",1,1,0,0,0
"103","NAIROBI             ",0,1,1,1,0
"104","NAIROBI             ",1,0,0,1,0
"105","NAIROBI             ",1,1,0,0,0
"106","NAIROBI             ",1,0,0,0,0
"107","NAIROBI             ",0,0,0,1,0
"108","NYERI               ",0,0,1,0,1
"109","NYERI               ",1,0,1,0,1
"110","NYERI               ",1,1,1,1,1
"111","NYERI               ",1,1,0,1,0
"112","NYERI               ",0,0,0,0,0
"113","NYERI               ",0,0,0,0,1
"114","NYERI               ",1,0,1,0,0
"115","NYERI               ",1,0,1,0,0
"116","NYERI               ",0,0,1,0,0
"117","NYERI               ",1,1,1,1,1
"118","NYERI               ",0,1,1,1,1
"119","NYERI               ",0,0,1,0,1
"120","NYERI               ",1,0,0,0,0
"121","NYERI               ",0,0,1,0,1
"122","NYERI               ",0,0,0,0,0
"123","NYERI               ",1,0,1,0,0
"124","NYERI               ",1,0,0,0,0
"125","NYERI               ",1,0,0,0,0
"126","NYERI               ",1,0,0,0,0
"127","NYERI               ",1,0,0,0,0
"128","NYERI               ",0,1,0,0,0
"129","NYERI               ",1,0,0,0,0
"130","NYERI               ",0,1,1,1,1
"131","NYERI               ",0,1,1,0,0
"132","NYERI               ",1,0,0,0,0
"133","NYERI               ",0,0,0,0,0
"134","NYERI               ",0,0,0,0,0
"135","NYERI               ",0,0,0,0,0
"136","NYERI               ",0,1,0,0,0
"137","NYERI               ",0,1,1,0,0
"138","NYERI               ",0,1,1,0,0
"139","NYERI               ",0,1,1,0,0
"140","NYERI               ",0,1,0,0,0
"141","NYERI               ",0,0,0,0,0
"142","NYERI               ",0,0,0,0,0
"143","NYERI               ",0,0,0,0,0
"144","NYERI               ",1,1,1,1,1
"145","NYERI               ",0,0,0,0,0
"146","MURANGA             ",0,0,0,0,0
"147","MURANGA             ",1,0,0,0,0
"148","MURANGA             ",0,1,1,1,1
"149","MURANGA             ",1,1,1,1,0
"150","MURANGA             ",1,0,0,0,0
"151","MURANGA             ",1,0,0,0,0
"152","MURANGA             ",0,0,1,0,0
"153","MURANGA             ",1,0,1,0,1
"154","MURANGA             ",0,0,1,0,1
"155","MURANGA             ",0,0,1,0,0
"156","MURANGA             ",1,0,1,0,1
"157","MURANGA             ",0,0,0,0,0
"158","MURANGA             ",0,0,0,0,0
"159","MURANGA             ",1,0,0,0,0
"160","MURANGA             ",1,0,0,0,0
"161","MURANGA             ",1,1,0,1,1
"162","MURANGA             ",0,1,1,0,1
"163","MURANGA             ",0,1,1,1,1
"164","MURANGA             ",0,0,0,0,0
"165","MURANGA             ",0,0,0,0,0
"166","MURANGA             ",0,0,0,0,0
"167","MURANGA             ",0,0,0,0,0
"168","MURANGA             ",1,1,0,1,0
"169","MURANGA             ",0,0,0,0,0
"170","MURANGA             ",0,0,0,1,1
"171","MURANGA             ",0,1,0,0,0
"172","MURANGA             ",0,0,0,0,0
"173","MURANGA             ",1,0,0,0,0
"174","MURANGA             ",0,0,0,0,0
"175","MURANGA             ",0,0,0,1,1
"176","MURANGA             ",0,0,0,0,0
"177","MURANGA             ",0,0,0,0,0
"178","MURANGA             ",0,1,1,1,0
"179","MURANGA             ",0,0,0,0,0
"180","MURANGA             ",0,0,0,0,0
"181","MURANGA             ",1,0,0,1,0
"182","MURANGA             ",1,0,0,0,0
"183","MURANGA             ",1,0,0,0,0
"184","MURANGA             ",1,1,0,1,1
"185","MURANGA             ",1,1,0,0,0
"186","MURANGA             ",1,0,0,0,0
"187","MURANGA             ",1,1,1,1,1
"188","MURANGA             ",1,0,0,0,0
"189","MURANGA             ",1,0,0,0,0
"190","MURANGA             ",1,0,0,0,0
"191","MURANGA             ",0,0,0,0,0
"192","MURANGA             ",1,1,0,1,0
"193","MURANGA             ",0,1,0,1,0
"194","MURANGA             ",0,1,1,1,1
"195","MURANGA             ",0,0,0,0,0
"196","MURANGA             ",1,0,0,0,0
"197","MURANGA             ",1,0,0,0,0
"198","MURANGA             ",0,0,0,0,0
"199","MURANGA             ",0,0,0,0,0
"200","MURANGA             ",0,0,0,0,0
"201","MOMBASA             ",1,1,0,0,0
"202","MOMBASA             ",1,1,0,1,0
"203","MOMBASA             ",0,0,0,0,0
"204","MOMBASA             ",0,0,0,0,0
"205","MOMBASA             ",1,0,0,0,0
"206","MOMBASA             ",0,0,0,0,0
"207","MOMBASA             ",1,0,0,0,0
"208","MOMBASA             ",1,0,0,0,0
"209","MOMBASA             ",0,0,0,0,0
"210","MOMBASA             ",0,0,0,0,0
"211","MOMBASA             ",1,0,0,0,0
"212","MOMBASA             ",1,0,0,0,0
"213","MOMBASA             ",0,0,0,0,0
"214","MOMBASA             ",0,0,0,0,0
"215","MOMBASA             ",1,0,0,0,0
"216","MOMBASA             ",0,0,0,0,0
"217","MOMBASA             ",0,1,1,0,0
"218","MOMBASA             ",0,0,0,0,0
"219","MOMBASA             ",1,0,0,0,0
"220","MOMBASA             ",0,0,0,0,0
"221","MOMBASA             ",1,0,0,0,0
"222","MOMBASA             ",1,0,0,1,0
"223","MOMBASA             ",0,1,0,1,0
"224","MOMBASA             ",1,0,0,0,0
"225","MOMBASA             ",1,0,0,0,0
"226","MOMBASA             ",1,0,0,0,0
"227","MOMBASA             ",0,0,0,0,0
"228","MOMBASA             ",1,0,0,0,0
"229","MOMBASA             ",1,0,0,0,0
"230","MOMBASA             ",1,0,0,0,0
"231","MOMBASA             ",0,0,1,0,0
"232","MOMBASA             ",1,1,0,0,0
"233","MOMBASA             ",1,1,0,0,0
"234","MOMBASA             ",1,0,0,0,0
"235","MOMBASA             ",1,0,0,0,0
"236","MOMBASA             ",0,0,0,0,0
"237","MOMBASA             ",0,0,0,0,0
"238","MOMBASA             ",1,0,0,0,0
"239","MOMBASA             ",1,0,0,0,0
"240","MOMBASA             ",1,1,1,0,0
"241","MOMBASA             ",1,0,0,0,0
"242","MOMBASA             ",0,0,0,0,0
"243","MOMBASA             ",0,0,0,0,0
"244","MOMBASA             ",1,1,0,0,0
"245","MOMBASA             ",0,0,0,0,0
"246","MOMBASA             ",0,0,0,0,0
"247","MOMBASA             ",0,0,1,0,0
"248","MOMBASA             ",0,0,0,0,0
"249","MOMBASA             ",0,0,0,0,0
"250","MOMBASA             ",1,1,0,1,0
"251","MOMBASA             ",0,1,0,0,0
"252","MOMBASA             ",0,0,0,0,0
"253","MOMBASA             ",0,0,0,0,0
"254","MOMBASA             ",0,0,0,0,0
"255","MOMBASA             ",0,0,0,0,0
"256","MOMBASA             ",0,0,0,0,0
"257","MOMBASA             ",1,0,0,0,0
"258","MOMBASA             ",1,0,0,0,0
"259","KILIFI              ",0,0,0,0,0
"260","KILIFI              ",1,0,0,0,0
"261","KILIFI              ",0,0,0,0,0
"262","KILIFI              ",1,0,0,0,0
"263","KILIFI              ",1,0,0,0,0
"264","KILIFI              ",0,0,0,0,0
"265","KILIFI              ",0,0,1,0,0
"266","KILIFI              ",0,1,1,1,0
"267","KILIFI              ",0,0,0,0,0
"268","KILIFI              ",0,0,0,0,0
"269","KILIFI              ",0,0,0,0,0
"270","KILIFI              ",0,0,0,0,0
"271","KILIFI              ",1,0,0,0,0
"272","KILIFI              ",1,0,0,0,0
"273","KILIFI              ",1,1,1,1,0
"274","KILIFI              ",1,1,1,0,0
"275","KILIFI              ",0,0,0,0,0
"276","KILIFI              ",0,1,0,1,0
"277","KILIFI              ",0,0,0,0,0
"278","KILIFI              ",0,0,0,0,0
"279","KILIFI              ",1,0,0,0,0
"280","KILIFI              ",1,0,0,0,0
"281","KILIFI              ",1,0,1,0,1
"282","KILIFI              ",1,1,1,1,1
"283","KILIFI              ",1,0,0,0,0
"284","KILIFI              ",0,1,1,0,0
"285","KILIFI              ",0,0,0,0,0
"286","KILIFI              ",1,0,0,0,0
"287","KILIFI              ",1,0,0,0,0
"288","KILIFI              ",1,0,0,0,0
"289","KILIFI              ",1,0,1,0,0
"290","KILIFI              ",1,1,1,0,0
"291","KILIFI              ",1,0,0,0,0
"292","KILIFI              ",1,0,0,0,0
"293","KILIFI              ",0,0,0,0,0
"294","KILIFI              ",1,0,0,0,0
"295","KILIFI              ",0,0,0,0,0
"296","KILIFI              ",0,0,0,0,0
"297","KILIFI              ",0,0,0,0,0
"298","KILIFI              ",1,1,0,0,0
"299","KILIFI              ",1,0,0,0,0
"300","KILIFI              ",1,0,0,0,0
"301","KILIFI              ",1,1,0,0,0
"302","KILIFI              ",0,0,1,0,0
"303","KILIFI              ",0,0,0,0,0
"304","KILIFI              ",0,0,0,0,0
"305","TAITA TAVETA        ",1,0,0,0,0
"306","TAITA TAVETA        ",1,1,0,0,0
"307","TAITA TAVETA        ",0,0,0,0,0
"308","TAITA TAVETA        ",0,0,0,0,0
"309","TAITA TAVETA        ",1,0,0,0,0
"310","TAITA TAVETA        ",1,0,0,0,0
"311","TAITA TAVETA        ",1,0,1,0,1
"312","TAITA TAVETA        ",1,0,1,0,1
"313","TAITA TAVETA        ",1,1,0,1,0
"314","TAITA TAVETA        ",1,1,0,1,0
"315","TAITA TAVETA        ",1,0,0,0,0
"316","TAITA TAVETA        ",1,0,0,0,0
"317","TAITA TAVETA        ",1,0,0,0,0
"318","TAITA TAVETA        ",0,0,0,0,0
"319","TAITA TAVETA        ",1,0,1,0,0
"320","TAITA TAVETA        ",1,0,1,0,0
"321","TAITA TAVETA        ",1,0,0,0,0
"322","TAITA TAVETA        ",0,1,0,0,0
"323","TAITA TAVETA        ",0,1,1,0,0
"324","TAITA TAVETA        ",0,0,1,0,0
"325","TAITA TAVETA        ",1,0,0,0,0
"326","TAITA TAVETA        ",1,0,0,0,0
"327","TAITA TAVETA        ",1,0,1,0,0
"328","TAITA TAVETA        ",1,0,1,0,0
"329","TAITA TAVETA        ",0,0,0,0,0
"330","TAITA TAVETA        ",0,0,0,0,0
"331","TAITA TAVETA        ",1,0,1,0,0
"332","TAITA TAVETA        ",1,0,0,0,0
"333","MARSABIT            ",1,0,1,0,1
"334","MARSABIT            ",1,0,1,0,1
"335","MARSABIT            ",1,1,1,1,1
"336","MARSABIT            ",1,1,1,0,1
"337","MARSABIT            ",1,0,1,0,0
"338","MARSABIT            ",1,0,1,0,1
"339","MARSABIT            ",1,1,1,1,1
"340","MARSABIT            ",1,1,1,0,1
"341","MARSABIT            ",1,1,0,1,1
"342","MARSABIT            ",1,0,1,0,0
"343","MARSABIT            ",1,0,1,0,1
"344","MARSABIT            ",1,0,1,1,1
"345","MARSABIT            ",1,0,1,0,1
"346","MARSABIT            ",1,0,1,0,1
"347","MARSABIT            ",1,0,1,0,0
"348","MARSABIT            ",1,1,1,1,1
"349","MARSABIT            ",1,1,0,0,1
"350","MARSABIT            ",1,0,1,0,1
"351","MARSABIT            ",1,0,1,0,1
"352","MARSABIT            ",1,0,1,0,1
"353","MARSABIT            ",1,0,1,0,1
"354","MARSABIT            ",1,0,1,0,1
"355","MARSABIT            ",1,0,1,0,1
"356","MARSABIT            ",1,0,1,0,1
"357","MARSABIT            ",1,0,1,0,0
"358","MARSABIT            ",1,0,1,0,0
"359","MARSABIT            ",1,0,1,0,1
"360","MARSABIT            ",1,1,1,0,0
"361","MARSABIT            ",1,1,1,0,0
"362","MERU                ",1,1,1,1,1
"363","MERU                ",1,1,1,1,1
"364","MERU                ",0,0,0,0,0
"365","MERU                ",0,0,0,0,0
"366","MERU                ",1,0,0,0,0
"367","MERU                ",1,0,1,0,0
"368","MERU                ",1,1,1,1,1
"369","MERU                ",1,1,1,1,1
"370","MERU                ",0,1,1,1,1
"371","MERU                ",0,0,1,0,1
"372","MERU                ",1,0,0,0,0
"373","MERU                ",1,0,0,0,0
"374","MERU                ",1,1,1,1,1
"375","MERU                ",1,1,1,0,0
"376","MERU                ",0,0,1,0,1
"377","MERU                ",1,0,0,0,0
"378","MERU                ",0,0,0,0,0
"379","MERU                ",0,1,1,1,1
"380","MERU                ",1,1,1,1,1
"381","MERU                ",0,1,1,1,1
"382","MERU                ",0,1,1,1,1
"383","MERU                ",0,0,0,0,0
"384","MERU                ",1,1,0,0,0
"385","MERU                ",0,1,0,1,0
"386","MERU                ",0,1,1,0,0
"387","MERU                ",1,1,1,0,1
"388","MERU                ",1,1,1,1,1
"389","MERU                ",1,1,1,0,0
"390","MERU                ",1,0,0,0,0
"391","MERU                ",1,1,1,0,0
"392","MERU                ",1,0,1,0,0
"393","MERU                ",1,0,0,0,0
"394","MERU                ",0,1,1,0,0
"395","MERU                ",1,1,1,0,0
"396","MERU                ",1,0,1,1,1
"397","MERU                ",0,0,1,0,0
"398","MERU                ",1,1,1,1,1
"399","MERU                ",1,1,1,1,1
"400","MERU                ",0,0,0,0,0
"401","MERU                ",1,1,1,1,1
"402","MERU                ",1,1,1,1,1
"403","MERU                ",1,1,1,1,0
"404","MERU                ",1,1,0,0,0
"405","MERU                ",1,1,0,0,0
"406","MERU                ",0,1,0,1,0
"407","MERU                ",1,0,0,1,0
"408","MERU                ",1,0,0,0,0
"409","MERU                ",1,0,0,0,1
"410","MERU                ",0,1,1,1,1
"411","MERU                ",1,1,1,0,0
"412","MERU                ",1,0,0,0,0
"413","MERU                ",1,0,0,0,0
"414","MERU                ",1,1,1,1,1
"415","MERU                ",0,0,1,0,0
"416","MERU                ",1,1,1,1,1
"417","MERU                ",1,1,1,1,1
"418","MERU                ",1,1,1,1,1
"419","MERU                ",1,0,0,0,0
"420","MERU                ",1,1,1,1,1
"421","MERU                ",1,1,1,1,1
"422","MERU                ",1,0,0,0,0
"423","MERU                ",1,0,1,0,0
"424","MERU                ",0,1,1,1,1
"425","MERU                ",1,0,1,0,0
"426","KITUI               ",1,1,1,1,0
"427","KITUI               ",1,1,1,1,0
"428","KITUI               ",1,0,0,1,0
"429","KITUI               ",1,1,1,1,0
"430","KITUI               ",1,0,0,0,0
"431","KITUI               ",1,0,0,0,0
"432","KITUI               ",1,0,1,0,1
"433","KITUI               ",1,0,1,0,0
"434","KITUI               ",1,1,1,1,0
"435","KITUI               ",1,1,1,1,1
"436","KITUI               ",1,1,0,1,0
"437","KITUI               ",1,1,1,1,1
"438","KITUI               ",1,0,0,0,0
"439","KITUI               ",1,0,0,0,0
"440","KITUI               ",1,0,0,0,0
"441","KITUI               ",1,0,1,0,1
"442","KITUI               ",1,1,1,0,0
"443","KITUI               ",1,1,1,1,1
"444","KITUI               ",1,1,0,1,0
"445","KITUI               ",1,1,1,1,1
"446","KITUI               ",1,0,0,0,0
"447","KITUI               ",1,0,0,0,0
"448","KITUI               ",1,0,1,0,1
"449","KITUI               ",1,0,1,0,1
"450","KITUI               ",1,1,1,1,1
"451","KITUI               ",1,1,1,1,1
"452","KITUI               ",1,1,1,1,1
"453","KITUI               ",1,1,0,1,0
"454","KITUI               ",1,0,0,0,0
"455","KITUI               ",1,0,0,0,0
"456","KITUI               ",1,0,1,0,1
"457","KITUI               ",1,1,1,1,1
"458","KITUI               ",1,1,1,0,1
"459","KITUI               ",1,1,1,1,1
"460","KITUI               ",1,1,1,0,0
"461","KITUI               ",1,1,1,1,1
"462","KITUI               ",1,0,0,0,0
"463","KITUI               ",1,0,0,0,0
"464","KITUI               ",1,0,1,0,1
"465","KITUI               ",1,1,1,1,1
"466","KITUI               ",1,1,1,1,1
"467","KITUI               ",1,1,1,1,0
"468","KITUI               ",1,0,0,0,0
"469","KITUI               ",1,1,0,0,0
"470","KITUI               ",1,0,0,0,0
"471","KITUI               ",1,0,0,0,0
"472","KITUI               ",1,0,0,0,0
"473","KITUI               ",1,0,0,0,0
"474","GARISSA             ",1,0,0,0,0
"475","GARISSA             ",1,1,0,0,0
"476","GARISSA             ",1,0,0,0,0
"477","GARISSA             ",1,0,0,0,0
"478","GARISSA             ",1,0,0,0,0
"479","GARISSA             ",1,0,0,0,0
"480","GARISSA             ",0,0,0,0,0
"481","GARISSA             ",1,0,0,0,0
"482","GARISSA             ",0,0,0,0,0
"483","GARISSA             ",0,0,0,0,0
"484","GARISSA             ",1,0,0,0,0
"485","GARISSA             ",1,0,0,0,0
"486","GARISSA             ",1,0,0,0,0
"487","GARISSA             ",1,0,0,0,0
"488","GARISSA             ",1,1,0,1,0
"489","GARISSA             ",1,1,0,0,0
"490","GARISSA             ",0,0,0,0,0
"491","GARISSA             ",0,0,0,0,0
"492","GARISSA             ",1,1,0,0,0
"493","GARISSA             ",1,1,0,0,0
"494","GARISSA             ",1,0,0,0,0
"495","GARISSA             ",1,0,0,0,0
"496","GARISSA             ",1,0,1,0,1
"497","GARISSA             ",1,0,0,0,0
"498","GARISSA             ",0,0,0,0,0
"499","GARISSA             ",0,0,0,0,0
"500","GARISSA             ",1,0,0,0,0
"501","GARISSA             ",1,0,0,0,0
"502","GARISSA             ",0,0,0,0,0
"503","GARISSA             ",1,0,0,0,0
"504","GARISSA             ",1,0,0,0,0
"505","GARISSA             ",1,0,0,0,0
"506","GARISSA             ",1,0,0,0,0
"507","GARISSA             ",1,0,0,0,0
"508","GARISSA             ",1,0,0,0,0
"509","GARISSA             ",1,1,0,1,0
"510","GARISSA             ",1,0,0,0,0
"511","GARISSA             ",1,0,0,0,0
"512","GARISSA             ",0,0,0,0,0
"513","GARISSA             ",1,0,0,0,0
"514","GARISSA             ",0,0,0,0,0
"515","GARISSA             ",1,0,0,0,0
"516","GARISSA             ",1,0,1,0,0
"517","GARISSA             ",1,0,0,0,0
"518","GARISSA             ",1,0,0,0,0
"519","GARISSA             ",1,0,0,0,0
"520","GARISSA             ",1,1,0,0,0
"521","GARISSA             ",1,0,0,0,0
"522","GARISSA             ",0,0,0,0,0
"523","GARISSA             ",0,0,0,0,0
"524","GARISSA             ",1,1,1,0,1
"525","GARISSA             ",1,0,1,0,0
"526","GARISSA             ",1,0,0,0,0
"527","GARISSA             ",1,0,0,0,0
"528","GARISSA             ",0,1,0,0,0
"529","GARISSA             ",1,1,1,1,0
"530","GARISSA             ",1,0,0,0,0
"531","GARISSA             ",1,0,0,0,0
"532","GARISSA             ",1,0,0,0,0
"533","GARISSA             ",1,0,1,0,0
"534","GARISSA             ",1,1,0,1,0
"535","GARISSA             ",1,1,0,1,0
"536","GARISSA             ",1,0,0,0,0
"537","GARISSA             ",0,0,0,0,0
"538","KISUMU              ",0,0,0,0,0
"539","KISUMU              ",0,1,1,1,1
"540","KISUMU              ",1,0,0,0,0
"541","KISUMU              ",0,0,0,0,0
"542","KISUMU              ",0,0,0,0,0
"543","KISUMU              ",0,0,0,0,0
"544","KISUMU              ",1,0,0,0,0
"545","KISUMU              ",0,0,0,0,0
"546","KISUMU              ",1,0,0,0,0
"547","KISUMU              ",1,0,0,0,0
"548","KISUMU              ",0,0,0,0,0
"549","KISUMU              ",0,0,0,0,0
"550","KISUMU              ",1,1,1,1,1
"551","KISUMU              ",0,1,1,0,0
"552","KISUMU              ",1,0,0,0,0
"553","KISUMU              ",1,0,0,0,0
"554","KISUMU              ",1,0,0,0,0
"555","KISUMU              ",0,0,0,0,0
"556","KISUMU              ",1,1,1,1,1
"557","KISUMU              ",1,1,1,1,1
"558","KISUMU              ",0,1,0,0,0
"559","KISUMU              ",1,1,0,1,0
"560","KISUMU              ",1,0,0,0,0
"561","KISUMU              ",1,1,0,0,0
"562","KISUMU              ",1,0,1,0,0
"563","KISUMU              ",1,0,0,0,0
"564","KISUMU              ",1,0,0,0,0
"565","KISUMU              ",0,0,0,0,0
"566","KISUMU              ",1,0,1,0,1
"567","KISUMU              ",1,1,1,1,1
"568","KISUMU              ",1,0,0,0,0
"569","KISUMU              ",0,0,0,0,0
"570","KISUMU              ",1,0,0,0,0
"571","KISUMU              ",1,1,1,1,1
"572","KISUMU              ",1,1,1,1,1
"573","KISUMU              ",1,1,0,0,0
"574","KISUMU              ",0,0,0,0,0
"575","KISUMU              ",1,0,0,0,0
"576","KISUMU              ",0,0,0,0,0
"577","KISUMU              ",1,0,0,0,0
"578","KISUMU              ",1,0,0,0,0
"579","KISUMU              ",1,0,0,0,0
"580","KISUMU              ",1,0,0,0,0
"581","KISUMU              ",1,0,0,0,0
"582","KISUMU              ",1,1,1,1,1
"583","KISUMU              ",1,1,1,1,1
"584","KISUMU              ",1,0,0,0,0
"585","KISUMU              ",0,0,0,0,0
"586","KISUMU              ",1,0,0,0,0
"587","KISUMU              ",0,0,0,0,0
"588","KISUMU              ",0,0,0,0,0
"589","KISUMU              ",1,0,0,0,0
"590","KISUMU              ",0,0,0,0,0
"591","KISUMU              ",1,0,0,0,0
"592","KISUMU              ",1,0,0,0,0
"593","KISUMU              ",1,0,0,0,0
"594","HOMABAY             ",0,0,0,0,0
"595","HOMABAY             ",1,0,0,0,0
"596","HOMABAY             ",0,0,0,0,0
"597","HOMABAY             ",0,0,0,0,0
"598","HOMABAY             ",1,0,0,0,0
"599","HOMABAY             ",0,0,0,0,0
"600","HOMABAY             ",1,0,1,0,0
"601","HOMABAY             ",1,0,0,0,0
"602","HOMABAY             ",0,0,0,0,0
"603","HOMABAY             ",1,0,0,0,0
"604","HOMABAY             ",1,1,1,1,1
"605","HOMABAY             ",1,1,1,0,0
"606","HOMABAY             ",1,0,0,0,0
"607","HOMABAY             ",1,0,0,0,0
"608","HOMABAY             ",1,1,1,1,1
"609","HOMABAY             ",1,1,1,1,1
"610","HOMABAY             ",1,1,0,0,0
"611","HOMABAY             ",1,1,1,0,0
"612","HOMABAY             ",1,0,0,0,0
"613","HOMABAY             ",1,0,0,0,0
"614","HOMABAY             ",0,1,1,0,0
"615","HOMABAY             ",0,1,1,1,1
"616","HOMABAY             ",1,1,0,0,0
"617","HOMABAY             ",1,0,0,0,0
"618","HOMABAY             ",1,0,0,0,0
"619","HOMABAY             ",1,1,1,1,1
"620","HOMABAY             ",0,0,0,0,0
"621","HOMABAY             ",1,0,0,0,0
"622","HOMABAY             ",1,0,0,0,0
"623","HOMABAY             ",1,0,0,0,0
"624","KISII               ",1,1,1,1,1
"625","KISII               ",1,1,1,1,1
"626","KISII               ",0,0,1,0,0
"627","KISII               ",0,0,0,1,0
"628","KISII               ",0,0,0,0,0
"629","KISII               ",1,1,1,0,0
"630","KISII               ",1,0,0,0,0
"631","KISII               ",0,1,1,0,1
"632","KISII               ",1,0,0,1,1
"633","KISII               ",0,0,0,0,0
"634","KISII               ",0,0,1,0,0
"635","KISII               ",1,1,1,1,1
"636","KISII               ",1,0,0,0,0
"637","KISII               ",1,1,1,0,0
"638","KISII               ",0,0,0,0,0
"639","KISII               ",0,0,0,0,0
"640","KISII               ",0,0,0,0,0
"641","KISII               ",0,0,0,0,0
"642","KISII               ",0,0,0,0,0
"643","KISII               ",0,0,0,0,0
"644","KISII               ",0,0,0,0,0
"645","KISII               ",1,0,0,0,0
"646","KISII               ",0,0,0,0,0
"647","KISII               ",1,0,1,0,0
"648","KISII               ",0,1,1,1,1
"649","KISII               ",0,1,1,1,1
"650","KISII               ",1,0,0,0,0
"651","KISII               ",1,0,0,0,0
"652","KISII               ",0,1,0,1,0
"653","KISII               ",0,0,0,0,0
"654","KISII               ",1,0,1,0,0
"655","KISII               ",0,1,1,1,1
"656","KISII               ",0,0,1,0,0
"657","KISII               ",0,1,1,0,0
"658","KISII               ",0,0,1,0,0
"659","KISII               ",1,0,0,0,0
"660","KISII               ",0,0,0,0,0
"661","KISII               ",1,0,0,0,0
"662","KISII               ",0,1,0,1,0
"663","KISII               ",0,0,0,0,0
"664","KISII               ",1,0,0,0,0
"665","KISII               ",1,1,1,0,1
"666","KISII               ",0,0,0,0,0
"667","KISII               ",0,1,1,0,0
"668","KISII               ",0,0,0,0,0
"669","KISII               ",0,0,0,0,0
"670","KISII               ",1,1,1,1,1
"671","KISII               ",1,0,1,0,1
"672","KISII               ",1,0,1,0,1
"673","KISII               ",0,0,0,0,0
"674","KISII               ",1,1,1,1,0
"675","KISII               ",0,1,1,0,0
"676","KISII               ",0,0,0,0,0
"677","KISII               ",0,0,0,0,0
"678","KISII               ",0,0,1,0,1
"679","TURKANA             ",1,0,0,0,0
"680","TURKANA             ",1,0,0,0,0
"681","TURKANA             ",1,0,0,0,0
"682","TURKANA             ",0,0,0,0,0
"683","TURKANA             ",1,0,0,0,0
"684","TURKANA             ",1,0,0,0,0
"685","TURKANA             ",1,0,0,0,0
"686","TURKANA             ",1,0,0,0,0
"687","TURKANA             ",1,1,1,0,0
"688","TURKANA             ",1,1,1,0,0
"689","TURKANA             ",1,0,0,0,0
"690","TURKANA             ",1,0,0,0,0
"691","TURKANA             ",1,0,0,0,0
"692","TURKANA             ",0,1,1,1,1
"693","TURKANA             ",1,0,0,0,0
"694","TURKANA             ",1,0,0,0,0
"695","TURKANA             ",1,1,1,0,0
"696","TURKANA             ",1,1,1,0,0
"697","TURKANA             ",1,1,1,0,0
"698","TURKANA             ",1,0,0,0,0
"699","TURKANA             ",1,1,1,0,0
"700","TURKANA             ",1,1,1,1,1
"701","TURKANA             ",1,0,0,0,0
"702","TURKANA             ",1,0,0,0,0
"703","TURKANA             ",1,1,1,0,0
"704","TURKANA             ",1,0,0,0,0
"705","TURKANA             ",1,1,1,0,0
"706","TURKANA             ",1,1,1,0,0
"707","TURKANA             ",1,0,1,0,0
"708","TURKANA             ",1,1,1,0,0
"709","TURKANA             ",1,1,1,0,0
"710","TURKANA             ",1,1,1,0,0
"711","TURKANA             ",1,1,1,0,0
"712","TURKANA             ",1,0,0,0,0
"713","TURKANA             ",1,0,0,0,0
"714","TURKANA             ",1,0,0,0,0
"715","TURKANA             ",1,0,0,0,0
"716","TURKANA             ",0,1,1,1,1
"717","TURKANA             ",1,1,1,1,1
"718","TURKANA             ",1,0,0,0,0
"719","TURKANA             ",1,1,1,0,0
"720","TURKANA             ",1,1,1,0,0
"721","TURKANA             ",1,0,1,0,0
"722","TURKANA             ",1,0,1,0,0
"723","WEST POKOT          ",1,0,0,0,0
"724","WEST POKOT          ",1,0,1,0,0
"725","WEST POKOT          ",1,0,0,0,0
"726","WEST POKOT          ",1,0,0,0,0
"727","WEST POKOT          ",1,0,1,0,0
"728","WEST POKOT          ",1,0,0,0,0
"729","WEST POKOT          ",1,0,0,0,0
"730","WEST POKOT          ",1,0,0,0,0
"731","WEST POKOT          ",1,0,1,0,0
"732","WEST POKOT          ",1,0,1,0,0
"733","WEST POKOT          ",1,0,0,0,0
"734","WEST POKOT          ",1,0,1,0,0
"735","WEST POKOT          ",1,0,1,0,0
"736","WEST POKOT          ",1,0,1,0,0
"737","WEST POKOT          ",1,1,1,0,0
"738","WEST POKOT          ",1,0,1,0,0
"739","WEST POKOT          ",1,0,1,0,0
"740","WEST POKOT          ",1,0,1,0,0
"741","WEST POKOT          ",1,0,0,0,0
"742","WEST POKOT          ",1,0,1,0,0
"743","WEST POKOT          ",1,0,1,0,0
"744","WEST POKOT          ",1,0,1,0,0
"745","WEST POKOT          ",1,0,0,0,1
"746","WEST POKOT          ",1,0,1,0,1
"747","WEST POKOT          ",1,0,1,0,0
"748","WEST POKOT          ",1,0,1,0,0
"749","WEST POKOT          ",1,0,1,0,0
"750","WEST POKOT          ",1,0,1,0,0
"751","WEST POKOT          ",1,0,1,0,0
"752","WEST POKOT          ",1,0,1,0,0
"753","WEST POKOT          ",1,0,1,0,0
"754","WEST POKOT          ",1,0,1,0,0
"755","SAMBURU             ",1,0,0,0,0
"756","SAMBURU             ",1,0,0,0,1
"757","SAMBURU             ",1,0,0,0,0
"758","SAMBURU             ",1,0,0,0,0
"759","SAMBURU             ",1,0,0,0,0
"760","SAMBURU             ",1,1,1,1,1
"761","SAMBURU             ",0,1,1,0,1
"762","SAMBURU             ",1,1,1,1,1
"763","SAMBURU             ",1,1,1,0,0
"764","SAMBURU             ",1,1,1,0,1
"765","SAMBURU             ",1,0,0,0,0
"766","SAMBURU             ",1,1,1,1,1
"767","SAMBURU             ",1,0,1,0,0
"768","SAMBURU             ",1,1,1,0,0
"769","SAMBURU             ",1,1,1,1,1
"770","SAMBURU             ",1,1,1,0,0
"771","SAMBURU             ",1,1,1,0,0
"772","SAMBURU             ",1,0,1,0,0
"773","SAMBURU             ",1,0,0,0,0
"774","SAMBURU             ",1,1,0,0,0
"775","SAMBURU             ",1,1,1,0,0
"776","SAMBURU             ",0,1,1,1,1
"777","SAMBURU             ",1,1,1,0,0
"778","SAMBURU             ",1,1,1,1,1
"779","SAMBURU             ",1,1,1,0,0
"780","SAMBURU             ",1,1,1,0,0
"781","SAMBURU             ",1,1,0,0,0
"782","SAMBURU             ",1,0,1,0,0
"783","SAMBURU             ",1,1,1,0,1
"784","SAMBURU             ",0,1,1,1,1
"785","TRANS-NZOIA         ",0,1,0,1,0
"786","TRANS-NZOIA         ",0,0,0,0,0
"787","TRANS-NZOIA         ",1,0,0,0,0
"788","TRANS-NZOIA         ",0,0,0,0,0
"789","TRANS-NZOIA         ",1,0,0,0,0
"790","TRANS-NZOIA         ",0,0,0,0,0
"791","TRANS-NZOIA         ",1,0,1,0,1
"792","TRANS-NZOIA         ",0,0,0,0,0
"793","TRANS-NZOIA         ",1,0,0,0,0
"794","TRANS-NZOIA         ",0,1,0,0,1
"795","TRANS-NZOIA         ",0,1,1,0,0
"796","TRANS-NZOIA         ",0,1,0,1,0
"797","TRANS-NZOIA         ",0,1,1,0,0
"798","TRANS-NZOIA         ",0,0,0,0,0
"799","TRANS-NZOIA         ",1,0,0,0,0
"800","TRANS-NZOIA         ",1,0,0,0,0
"801","TRANS-NZOIA         ",1,0,0,0,0
"802","TRANS-NZOIA         ",0,0,0,0,0
"803","TRANS-NZOIA         ",0,0,0,0,0
"804","TRANS-NZOIA         ",0,1,0,0,0
"805","TRANS-NZOIA         ",1,1,0,0,0
"806","TRANS-NZOIA         ",1,0,1,0,0
"807","TRANS-NZOIA         ",1,0,0,0,0
"808","TRANS-NZOIA         ",0,0,0,0,0
"809","TRANS-NZOIA         ",1,1,1,1,1
"810","TRANS-NZOIA         ",1,1,1,1,1
"811","TRANS-NZOIA         ",0,1,1,1,1
"812","TRANS-NZOIA         ",0,0,1,1,1
"813","TRANS-NZOIA         ",0,0,0,0,0
"814","TRANS-NZOIA         ",1,0,0,0,0
"815","TRANS-NZOIA         ",0,0,0,0,0
"816","TRANS-NZOIA         ",1,0,1,1,1
"817","TRANS-NZOIA         ",1,0,0,0,0
"818","TRANS-NZOIA         ",1,0,1,0,1
"819","TRANS-NZOIA         ",0,0,1,0,1
"820","TRANS-NZOIA         ",0,1,0,1,0
"821","TRANS-NZOIA         ",1,0,0,0,0
"822","TRANS-NZOIA         ",1,0,0,0,0
"823","TRANS-NZOIA         ",1,0,0,0,0
"824","TRANS-NZOIA         ",1,0,0,1,1
"825","TRANS-NZOIA         ",1,0,0,0,0
"826","TRANS-NZOIA         ",0,1,1,1,1
"827","TRANS-NZOIA         ",0,1,1,1,0
"828","TRANS-NZOIA         ",0,0,0,0,0
"829","TRANS-NZOIA         ",1,0,0,0,0
"830","TRANS-NZOIA         ",0,0,0,0,0
"831","TRANS-NZOIA         ",0,0,0,0,0
"832","TRANS-NZOIA         ",1,0,0,0,0
"833","TRANS-NZOIA         ",0,1,0,1,0
"834","TRANS-NZOIA         ",0,0,0,0,0
"835","TRANS-NZOIA         ",0,0,0,0,0
"836","TRANS-NZOIA         ",0,0,1,0,0
"837","TRANS-NZOIA         ",0,0,1,0,0
"838","BARINGO             ",0,0,0,0,0
"839","BARINGO             ",0,0,0,0,0
"840","BARINGO             ",0,0,0,0,0
"841","BARINGO             ",0,0,0,0,0
"842","BARINGO             ",1,0,0,0,0
"843","BARINGO             ",1,0,0,0,0
"844","BARINGO             ",1,0,0,0,0
"845","BARINGO             ",1,1,1,0,0
"846","BARINGO             ",1,1,0,0,0
"847","BARINGO             ",1,0,0,0,0
"848","BARINGO             ",0,0,0,0,0
"849","BARINGO             ",1,0,0,0,0
"850","BARINGO             ",0,1,1,1,1
"851","BARINGO             ",0,1,1,1,1
"852","BARINGO             ",1,0,0,0,0
"853","BARINGO             ",0,0,0,0,0
"854","BARINGO             ",0,0,0,0,0
"855","BARINGO             ",0,0,0,0,0
"856","BARINGO             ",0,0,0,0,0
"857","BARINGO             ",0,0,0,0,0
"858","BARINGO             ",0,1,1,0,1
"859","BARINGO             ",0,1,1,1,1
"860","BARINGO             ",0,1,1,0,0
"861","BARINGO             ",0,1,1,0,0
"862","BARINGO             ",0,0,0,0,0
"863","BARINGO             ",0,0,0,0,0
"864","BARINGO             ",1,0,0,0,0
"865","BARINGO             ",1,0,0,0,0
"866","BARINGO             ",0,0,0,0,0
"867","BARINGO             ",0,1,1,1,0
"868","UASIN GISHU         ",1,0,0,0,0
"869","UASIN GISHU         ",0,0,0,0,0
"870","UASIN GISHU         ",1,0,0,0,0
"871","UASIN GISHU         ",0,0,0,0,0
"872","UASIN GISHU         ",0,0,0,0,0
"873","UASIN GISHU         ",0,0,0,0,0
"874","UASIN GISHU         ",1,0,0,0,0
"875","UASIN GISHU         ",0,0,0,1,0
"876","UASIN GISHU         ",0,0,0,0,0
"877","UASIN GISHU         ",0,0,0,0,0
"878","UASIN GISHU         ",0,0,0,0,0
"879","UASIN GISHU         ",1,0,0,0,0
"880","UASIN GISHU         ",0,0,0,1,0
"881","UASIN GISHU         ",0,0,0,0,0
"882","UASIN GISHU         ",0,0,0,0,0
"883","UASIN GISHU         ",0,0,0,0,0
"884","UASIN GISHU         ",1,0,0,0,0
"885","UASIN GISHU         ",0,0,0,0,0
"886","UASIN GISHU         ",0,0,0,0,0
"887","UASIN GISHU         ",1,0,0,0,0
"888","UASIN GISHU         ",0,0,0,0,0
"889","UASIN GISHU         ",0,0,0,0,0
"890","UASIN GISHU         ",1,0,0,0,0
"891","UASIN GISHU         ",1,0,0,0,0
"892","UASIN GISHU         ",1,0,0,0,0
"893","UASIN GISHU         ",0,0,0,0,0
"894","UASIN GISHU         ",0,0,0,0,0
"895","UASIN GISHU         ",1,0,0,0,0
"896","UASIN GISHU         ",0,1,0,1,0
"897","UASIN GISHU         ",0,0,0,1,0
"898","UASIN GISHU         ",1,0,0,0,0
"899","UASIN GISHU         ",0,0,0,0,0
"900","UASIN GISHU         ",0,0,0,0,0
"901","UASIN GISHU         ",1,0,0,0,0
"902","UASIN GISHU         ",1,0,0,0,0
"903","UASIN GISHU         ",0,0,0,0,0
"904","UASIN GISHU         ",1,0,0,0,0
"905","UASIN GISHU         ",0,1,0,1,0
"906","UASIN GISHU         ",1,0,0,0,0
"907","UASIN GISHU         ",1,0,0,0,0
"908","UASIN GISHU         ",1,0,0,0,0
"909","UASIN GISHU         ",1,0,0,0,0
"910","UASIN GISHU         ",1,0,0,0,0
"911","UASIN GISHU         ",1,0,0,0,0
"912","UASIN GISHU         ",0,0,0,0,0
"913","UASIN GISHU         ",0,0,0,0,0
"914","ELGEYO MARAKWET     ",0,0,0,0,0
"915","ELGEYO MARAKWET     ",0,0,0,0,0
"916","ELGEYO MARAKWET     ",1,0,0,0,0
"917","ELGEYO MARAKWET     ",1,0,0,0,0
"918","ELGEYO MARAKWET     ",0,0,0,0,0
"919","ELGEYO MARAKWET     ",0,0,0,0,0
"920","ELGEYO MARAKWET     ",0,0,0,0,0
"921","ELGEYO MARAKWET     ",0,0,0,0,0
"922","ELGEYO MARAKWET     ",0,0,0,0,0
"923","ELGEYO MARAKWET     ",1,0,0,0,0
"924","ELGEYO MARAKWET     ",1,0,0,0,0
"925","ELGEYO MARAKWET     ",1,0,0,0,0
"926","ELGEYO MARAKWET     ",1,0,0,0,0
"927","ELGEYO MARAKWET     ",0,0,0,0,0
"928","ELGEYO MARAKWET     ",0,0,0,0,0
"929","ELGEYO MARAKWET     ",0,0,0,0,0
"930","ELGEYO MARAKWET     ",0,0,0,0,0
"931","ELGEYO MARAKWET     ",1,0,0,0,0
"932","ELGEYO MARAKWET     ",0,0,0,0,0
"933","ELGEYO MARAKWET     ",0,0,0,0,0
"934","ELGEYO MARAKWET     ",0,0,0,0,0
"935","ELGEYO MARAKWET     ",0,0,0,0,0
"936","ELGEYO MARAKWET     ",0,0,0,0,0
"937","ELGEYO MARAKWET     ",0,0,0,0,0
"938","ELGEYO MARAKWET     ",0,0,0,0,0
"939","ELGEYO MARAKWET     ",0,0,0,0,0
"940","ELGEYO MARAKWET     ",0,0,0,0,0
"941","ELGEYO MARAKWET     ",0,0,0,0,0
"942","NANDI               ",1,0,0,0,0
"943","NANDI               ",1,0,0,0,0
"944","NANDI               ",0,0,0,0,0
"945","NANDI               ",1,0,0,0,0
"946","NANDI               ",1,0,0,0,0
"947","NANDI               ",1,0,0,0,0
"948","NANDI               ",1,1,0,1,0
"949","NANDI               ",1,0,0,0,0
"950","NANDI               ",0,0,0,0,0
"951","NANDI               ",0,0,0,0,0
"952","NANDI               ",0,0,0,0,0
"953","NANDI               ",0,0,0,0,0
"954","NANDI               ",1,0,0,0,0
"955","NANDI               ",1,1,0,1,0
"956","NANDI               ",0,0,0,0,0
"957","NANDI               ",0,0,0,0,0
"958","NANDI               ",0,0,0,0,0
"959","NANDI               ",0,0,0,0,0
"960","NANDI               ",1,0,0,0,0
"961","NANDI               ",1,0,0,0,0
"962","NANDI               ",0,0,0,1,0
"963","NANDI               ",0,0,0,0,0
"964","NANDI               ",1,1,0,0,0
"965","NANDI               ",0,1,0,1,0
"966","NANDI               ",0,0,0,0,0
"967","NANDI               ",0,0,0,0,0
"968","NANDI               ",1,1,1,0,0
"969","NANDI               ",0,0,0,0,0
"970","NANDI               ",0,1,0,1,0
"971","NANDI               ",0,1,0,1,0
"972","LAIKIPIA            ",0,1,1,0,0
"973","LAIKIPIA            ",1,0,1,0,0
"974","LAIKIPIA            ",1,1,1,1,1
"975","LAIKIPIA            ",1,1,1,1,1
"976","LAIKIPIA            ",0,0,0,0,0
"977","LAIKIPIA            ",1,0,1,0,0
"978","LAIKIPIA            ",1,0,1,0,0
"979","LAIKIPIA            ",1,0,1,0,1
"980","LAIKIPIA            ",1,1,1,1,1
"981","LAIKIPIA            ",1,0,1,0,0
"982","LAIKIPIA            ",1,0,0,0,1
"983","LAIKIPIA            ",0,0,0,0,0
"984","LAIKIPIA            ",0,0,0,0,0
"985","LAIKIPIA            ",1,0,0,0,0
"986","LAIKIPIA            ",1,0,1,0,0
"987","LAIKIPIA            ",0,0,1,1,1
"988","LAIKIPIA            ",1,0,0,1,0
"989","LAIKIPIA            ",1,1,1,0,0
"990","LAIKIPIA            ",0,1,1,1,1
"991","LAIKIPIA            ",1,0,0,0,0
"992","LAIKIPIA            ",1,0,0,1,0
"993","LAIKIPIA            ",0,0,0,1,0
"994","LAIKIPIA            ",0,1,1,0,0
"995","LAIKIPIA            ",1,0,0,0,0
"996","LAIKIPIA            ",1,0,1,0,0
"997","LAIKIPIA            ",1,0,0,0,0
"998","LAIKIPIA            ",1,0,0,0,0
"999","LAIKIPIA            ",1,0,0,0,0
"1000","LAIKIPIA            ",1,0,1,0,0
"1001","LAIKIPIA            ",1,0,0,0,0
"1002","LAIKIPIA            ",0,0,0,0,0
"1003","LAIKIPIA            ",0,0,0,0,0
"1004","NAKURU              ",1,0,0,0,0
"1005","NAKURU              ",1,0,0,0,0
"1006","NAKURU              ",1,0,0,0,0
"1007","NAKURU              ",1,0,0,0,0
"1008","NAKURU              ",0,0,0,0,0
"1009","NAKURU              ",0,0,0,0,0
"1010","NAKURU              ",0,0,0,0,0
"1011","NAKURU              ",0,0,0,0,0
"1012","NAKURU              ",0,0,0,0,0
"1013","NAKURU              ",0,0,0,0,0
"1014","NAKURU              ",1,0,0,0,0
"1015","NAKURU              ",1,0,0,0,0
"1016","NAKURU              ",1,0,0,0,0
"1017","NAKURU              ",0,1,1,0,0
"1018","NAKURU              ",0,0,0,0,0
"1019","NAKURU              ",1,0,0,0,0
"1020","NAKURU              ",1,0,0,0,0
"1021","NAKURU              ",0,0,1,0,0
"1022","NAKURU              ",0,0,0,0,0
"1023","NAKURU              ",0,0,0,0,0
"1024","NAKURU              ",0,1,1,0,0
"1025","NAKURU              ",0,0,0,0,0
"1026","NAKURU              ",0,0,0,0,0
"1027","NAKURU              ",0,0,0,0,0
"1028","NAKURU              ",0,0,0,0,0
"1029","NAKURU              ",1,0,1,1,1
"1030","NAKURU              ",1,1,1,1,0
"1031","NAKURU              ",1,0,0,0,0
"1032","NAKURU              ",0,1,0,0,0
"1033","NAKURU              ",1,0,0,0,0
"1034","NAKURU              ",0,0,0,0,0
"1035","NAKURU              ",0,0,0,0,0
"1036","NAKURU              ",1,0,0,0,0
"1037","NAKURU              ",1,0,0,0,0
"1038","NAKURU              ",0,1,1,1,1
"1039","NAKURU              ",1,0,0,0,0
"1040","NAKURU              ",1,0,0,0,0
"1041","NAKURU              ",0,0,0,0,0
"1042","NAKURU              ",0,0,0,0,0
"1043","NAKURU              ",1,1,0,0,0
"1044","NAKURU              ",1,1,0,1,0
"1045","NAKURU              ",1,1,1,0,0
"1046","NAKURU              ",1,1,0,1,0
"1047","NAKURU              ",0,1,0,1,0
"1048","NAKURU              ",1,0,0,0,0
"1049","NAKURU              ",0,0,0,0,0
"1050","NAKURU              ",0,0,0,0,0
"1051","NAKURU              ",1,0,0,0,0
"1052","NAKURU              ",1,0,0,0,0
"1053","NAKURU              ",0,0,0,0,0
"1054","NAKURU              ",1,0,0,0,0
"1055","NAKURU              ",1,0,0,0,0
"1056","NAKURU              ",0,1,1,0,0
"1057","NAKURU              ",0,0,0,0,0
"1058","NAKURU              ",1,0,0,0,0
"1059","NAKURU              ",1,0,0,0,0
"1060","NAKURU              ",1,0,0,0,0
"1061","NAKURU              ",1,0,0,0,0
"1062","NAKURU              ",0,0,0,0,0
"1063","NAKURU              ",0,0,1,0,0
"1064","NAKURU              ",0,0,1,0,0
"1065","NAKURU              ",1,0,0,0,0
"1066","NAKURU              ",1,0,0,0,0
"1067","NAKURU              ",0,0,0,0,0
"1068","NAKURU              ",1,0,0,0,0
"1069","NAKURU              ",1,0,0,0,0
"1070","NAKURU              ",0,1,1,0,0
"1071","NAKURU              ",0,0,0,0,0
"1072","NAROK               ",1,0,0,0,0
"1073","NAROK               ",1,1,1,1,0
"1074","NAROK               ",1,0,0,0,0
"1075","NAROK               ",1,0,0,0,0
"1076","NAROK               ",0,0,0,0,0
"1077","NAROK               ",0,0,0,0,0
"1078","NAROK               ",0,0,0,1,0
"1079","NAROK               ",1,0,0,0,0
"1080","NAROK               ",0,1,1,1,0
"1081","NAROK               ",0,1,1,1,1
"1082","NAROK               ",0,0,0,0,0
"1083","NAROK               ",1,1,0,1,0
"1084","NAROK               ",0,1,0,1,0
"1085","NAROK               ",1,0,1,0,0
"1086","NAROK               ",1,1,1,0,1
"1087","NAROK               ",0,0,0,0,0
"1088","NAROK               ",1,0,0,0,0
"1089","NAROK               ",0,0,0,0,0
"1090","NAROK               ",1,0,1,0,0
"1091","NAROK               ",0,0,0,0,0
"1092","NAROK               ",0,0,0,0,0
"1093","NAROK               ",0,1,0,1,0
"1094","NAROK               ",0,1,0,1,0
"1095","NAROK               ",1,1,1,1,0
"1096","NAROK               ",1,1,0,1,0
"1097","NAROK               ",1,0,0,0,0
"1098","NAROK               ",1,0,0,0,0
"1099","NAROK               ",1,1,1,1,1
"1100","NAROK               ",1,1,0,1,0
"1101","NAROK               ",1,0,0,1,0
"1102","NAROK               ",1,0,1,1,0
"1103","NAROK               ",0,0,0,0,0
"1104","NAROK               ",1,0,0,0,0
"1105","NAROK               ",0,0,0,0,0
"1106","NAROK               ",0,0,0,0,0
"1107","NAROK               ",1,0,0,0,0
"1108","NAROK               ",1,0,0,0,0
"1109","NAROK               ",1,0,0,0,0
"1110","NAROK               ",0,0,0,0,0
"1111","NAROK               ",1,0,0,1,0
"1112","NAROK               ",1,0,0,0,0
"1113","NAROK               ",1,1,1,0,0
"1114","NAROK               ",0,0,1,0,0
"1115","NAROK               ",1,0,0,0,0
"1116","NAROK               ",0,0,0,0,0
"1117","NAROK               ",1,0,0,0,0
"1118","NAROK               ",1,0,0,0,0
"1119","KAJIADO             ",1,1,0,1,0
"1120","KAJIADO             ",1,0,0,0,0
"1121","KAJIADO             ",1,0,0,0,0
"1122","KAJIADO             ",1,0,0,0,0
"1123","KAJIADO             ",1,0,0,0,0
"1124","KAJIADO             ",0,0,0,0,0
"1125","KAJIADO             ",1,0,0,0,0
"1126","KAJIADO             ",1,0,0,0,0
"1127","KERICHO             ",0,0,0,0,0
"1128","KERICHO             ",1,1,1,0,0
"1129","KERICHO             ",0,0,0,0,0
"1130","KERICHO             ",0,0,0,0,0
"1131","KERICHO             ",0,0,0,0,0
"1132","KERICHO             ",1,0,0,0,0
"1133","KERICHO             ",1,0,0,0,0
"1134","KERICHO             ",0,0,0,0,0
"1135","KERICHO             ",1,0,0,0,0
"1136","KERICHO             ",0,1,1,0,0
"1137","KERICHO             ",0,0,0,0,0
"1138","KERICHO             ",0,0,0,0,0
"1139","KERICHO             ",0,0,0,0,0
"1140","KERICHO             ",0,0,0,0,0
"1141","KERICHO             ",0,0,0,0,0
"1142","KERICHO             ",0,0,0,0,0
"1143","KERICHO             ",0,1,1,0,0
"1144","KERICHO             ",1,0,0,0,0
"1145","KERICHO             ",0,0,0,0,0
"1146","KERICHO             ",0,0,0,1,1
"1147","KERICHO             ",1,0,0,0,0
"1148","KERICHO             ",1,0,0,0,0
"1149","KERICHO             ",1,0,0,0,0
"1150","KERICHO             ",1,1,1,1,1
"1151","KERICHO             ",0,1,0,0,0
"1152","KERICHO             ",1,0,0,0,0
"1153","KERICHO             ",1,1,1,0,0
"1154","KERICHO             ",0,0,0,0,0
"1155","KERICHO             ",0,1,0,0,0
"1156","KERICHO             ",1,0,0,0,0
"1157","KERICHO             ",1,0,0,0,0
"1158","KAJIADO             ",0,0,0,0,0
"1159","KAJIADO             ",1,1,1,1,0
"1160","KAJIADO             ",1,0,0,0,0
"1161","KAJIADO             ",1,0,1,1,0
"1162","KAJIADO             ",1,0,0,0,0
"1163","KAJIADO             ",1,0,0,0,0
"1164","KAJIADO             ",1,1,0,0,0
"1165","KAJIADO             ",0,1,0,0,0
"1166","KAJIADO             ",0,1,1,0,0
"1167","KAJIADO             ",0,0,0,0,0
"1168","KAJIADO             ",1,1,0,0,0
"1169","KAJIADO             ",0,0,0,0,0
"1170","KAJIADO             ",1,0,0,0,0
"1171","KAJIADO             ",1,0,0,0,0
"1172","KAJIADO             ",0,0,0,0,0
"1173","KAJIADO             ",1,0,0,0,0
"1174","KAJIADO             ",1,0,1,0,0
"1175","KAJIADO             ",0,0,0,0,0
"1176","KAJIADO             ",0,0,0,0,0
"1177","KAJIADO             ",0,0,0,0,0
"1178","KAJIADO             ",1,0,0,0,0
"1179","KAJIADO             ",1,0,0,0,0
"1180","KAJIADO             ",1,0,0,0,0
"1181","KAJIADO             ",0,0,0,0,0
"1182","KAKAMEGA            ",1,0,1,1,1
"1183","KAKAMEGA            ",0,1,1,0,0
"1184","KAKAMEGA            ",0,1,1,1,1
"1185","KAKAMEGA            ",1,0,0,0,0
"1186","KAKAMEGA            ",0,0,0,0,1
"1187","KAKAMEGA            ",0,0,0,0,0
"1188","KAKAMEGA            ",0,0,0,0,0
"1189","KAKAMEGA            ",0,0,0,0,0
"1190","KAKAMEGA            ",0,0,0,0,0
"1191","KAKAMEGA            ",0,1,1,1,0
"1192","KAKAMEGA            ",0,0,0,1,1
"1193","KAKAMEGA            ",1,0,0,0,0
"1194","KAKAMEGA            ",1,0,0,0,0
"1195","KAKAMEGA            ",0,0,0,0,0
"1196","KAKAMEGA            ",1,1,1,0,0
"1197","KAKAMEGA            ",0,0,0,0,0
"1198","KAKAMEGA            ",0,0,0,0,0
"1199","KAKAMEGA            ",0,0,0,1,1
"1200","KAKAMEGA            ",0,0,0,0,0
"1201","KAKAMEGA            ",0,0,0,0,0
"1202","KAKAMEGA            ",1,0,0,0,0
"1203","KAKAMEGA            ",1,0,0,0,0
"1204","KAKAMEGA            ",0,0,0,0,0
"1205","KAKAMEGA            ",0,0,0,0,0
"1206","KAKAMEGA            ",0,0,0,0,0
"1207","KAKAMEGA            ",1,0,0,0,0
"1208","KAKAMEGA            ",1,0,0,0,0
"1209","KAKAMEGA            ",0,0,0,0,0
"1210","KAKAMEGA            ",1,0,0,0,0
"1211","KAKAMEGA            ",0,0,0,0,0
"1212","KAKAMEGA            ",0,1,1,0,0
"1213","KAKAMEGA            ",0,1,1,0,0
"1214","KAKAMEGA            ",1,1,1,0,0
"1215","KAKAMEGA            ",0,0,1,0,0
"1216","KAKAMEGA            ",0,0,0,0,0
"1217","KAKAMEGA            ",0,0,0,0,0
"1218","KAKAMEGA            ",0,0,1,0,0
"1219","KAKAMEGA            ",0,0,1,0,0
"1220","KAKAMEGA            ",1,1,0,1,0
"1221","KAKAMEGA            ",0,0,0,1,0
"1222","KAKAMEGA            ",1,0,0,0,0
"1223","KAKAMEGA            ",0,0,0,0,0
"1224","KAKAMEGA            ",1,0,0,0,0
"1225","KAKAMEGA            ",1,0,0,0,0
"1226","KAKAMEGA            ",0,0,1,0,0
"1227","KAKAMEGA            ",1,0,0,1,0
"1228","KAKAMEGA            ",0,0,0,0,0
"1229","KAKAMEGA            ",1,0,1,0,0
"1230","KAKAMEGA            ",0,0,0,0,0
"1231","KAKAMEGA            ",0,0,0,0,0
"1232","KAKAMEGA            ",1,0,1,0,1
"1233","KAKAMEGA            ",0,0,0,0,0
"1234","KAKAMEGA            ",0,0,0,0,0
"1235","KAKAMEGA            ",0,0,0,0,0
"1236","KAKAMEGA            ",0,1,1,1,1
"1237","KAKAMEGA            ",0,0,1,0,0
"1238","KAKAMEGA            ",0,0,0,0,0
"1239","KAKAMEGA            ",0,0,0,0,0
"1240","KAKAMEGA            ",0,1,1,0,0
"1241","KAKAMEGA            ",0,0,0,0,0
"1242","KAKAMEGA            ",0,0,0,0,0
"1243","KAKAMEGA            ",0,0,0,0,0
"1244","KAKAMEGA            ",0,0,0,0,0
"1245","KAKAMEGA            ",1,0,0,0,0
"1246","KAKAMEGA            ",0,0,0,1,1
"1247","KAKAMEGA            ",0,0,0,1,1
"1248","KAKAMEGA            ",0,0,0,0,0
"1249","KAKAMEGA            ",1,0,0,0,0
"1250","KAKAMEGA            ",0,0,0,0,0
"1251","KAKAMEGA            ",1,1,0,1,0
"1252","BUNGOMA             ",0,0,0,0,0
"1253","BUNGOMA             ",1,0,0,0,0
"1254","BUNGOMA             ",1,0,0,0,0
"1255","BUNGOMA             ",1,0,0,0,0
"1256","BUNGOMA             ",1,0,0,0,0
"1257","BUNGOMA             ",0,1,1,1,0
"1258","BUNGOMA             ",1,0,0,1,0
"1259","BUNGOMA             ",0,0,0,0,0
"1260","BUNGOMA             ",0,0,0,0,0
"1261","BUNGOMA             ",1,0,0,0,0
"1262","BUNGOMA             ",0,0,0,0,0
"1263","BUNGOMA             ",0,0,0,0,0
"1264","BUNGOMA             ",0,0,0,0,1
"1265","BUNGOMA             ",0,0,0,0,0
"1266","BUNGOMA             ",0,1,1,1,1
"1267","BUNGOMA             ",0,0,0,0,0
"1268","BUNGOMA             ",1,0,0,0,0
"1269","BUNGOMA             ",0,0,0,0,0
"1270","BUNGOMA             ",1,1,0,0,0
"1271","BUNGOMA             ",0,0,0,0,0
"1272","BUNGOMA             ",0,0,0,0,0
"1273","BUNGOMA             ",0,0,0,0,0
"1274","BUNGOMA             ",1,0,0,0,0
"1275","BUNGOMA             ",1,0,0,1,0
"1276","BUNGOMA             ",0,1,0,0,0
"1277","BUNGOMA             ",1,0,0,0,0
"1278","BUNGOMA             ",0,0,0,0,0
"1279","BUNGOMA             ",1,1,0,0,0
"1280","BUNGOMA             ",0,0,0,0,0
"1281","BUNGOMA             ",0,0,0,0,0
"1282","BUNGOMA             ",0,0,0,0,0
"1283","BUNGOMA             ",1,0,0,0,0
"1284","BUNGOMA             ",0,0,0,1,1
"1285","BUNGOMA             ",0,0,0,0,0
"1286","BUNGOMA             ",1,0,0,0,0
"1287","BUNGOMA             ",1,1,0,0,0
"1288","BUNGOMA             ",0,0,1,0,0
"1289","BUNGOMA             ",0,0,0,0,0
"1290","BUNGOMA             ",0,0,0,0,0
"1291","BUNGOMA             ",1,0,0,0,1
"1292","BUNGOMA             ",0,0,1,0,0
"1293","BUNGOMA             ",0,0,0,0,0
"1294","BUNGOMA             ",0,0,0,0,0
"1295","BUNGOMA             ",1,1,1,1,1
"1296","BUNGOMA             ",0,0,0,0,0
"1297","BUNGOMA             ",0,0,0,0,0
"1298","BUNGOMA             ",0,0,0,0,0
"1299","BUNGOMA             ",1,0,0,0,0
"1300","BUNGOMA             ",0,0,0,0,0
"1301","BUNGOMA             ",0,0,0,0,0
"1302","BUNGOMA             ",0,0,0,0,0
"1303","BUNGOMA             ",0,0,0,0,0
"1304","BUNGOMA             ",0,0,0,0,0
"1305","BUNGOMA             ",0,0,0,0,0
"1306","BUNGOMA             ",0,0,0,0,0
"1307","BUNGOMA             ",1,1,1,0,0
"1308","BUNGOMA             ",0,0,0,1,1
"1309","BUNGOMA             ",1,0,0,0,0
"1310","BUNGOMA             ",1,0,0,0,0
"1311","BUNGOMA             ",0,0,0,0,0
"1312","BUNGOMA             ",0,0,0,0,0
"1313","BUNGOMA             ",0,0,0,0,0
"1314","BUNGOMA             ",0,1,1,1,1
"1315","BUSIA               ",1,0,0,0,0
"1316","BUSIA               ",1,0,0,0,0
"1317","BUSIA               ",0,1,0,0,0
"1318","BUSIA               ",1,0,0,0,0
"1319","BUSIA               ",1,1,1,1,1
"1320","BUSIA               ",1,0,0,0,0
"1321","BUSIA               ",1,0,0,0,0
"1322","BUSIA               ",1,0,0,0,0
"1323","BUSIA               ",1,0,0,0,0
"1324","BUSIA               ",1,0,0,0,0
"1325","BUSIA               ",1,0,0,0,0
"1326","BUSIA               ",1,0,0,0,0
"1327","BUSIA               ",0,0,0,0,0
"1328","BUSIA               ",1,0,1,0,0
"1329","BUSIA               ",1,0,0,0,0
"1330","BUSIA               ",1,0,0,0,0
"1331","BUSIA               ",1,1,1,1,1
"1332","BUSIA               ",1,1,1,1,1
"1333","BUSIA               ",0,0,0,0,0
"1334","BUSIA               ",0,0,0,0,0
"1335","BUSIA               ",1,0,0,0,0
"1336","BUSIA               ",1,0,0,0,0
"1337","BUSIA               ",1,0,1,0,0
"1338","BUSIA               ",1,0,1,0,0
"1339","BUSIA               ",0,0,1,0,0
"1340","BUSIA               ",1,1,0,1,0
"1341","BUSIA               ",1,0,0,0,0
"1342","BUSIA               ",1,0,0,0,0
"1343","BUSIA               ",1,0,0,0,0
"1344","BUSIA               ",1,1,1,1,1
"1345","BUSIA               ",0,0,0,0,0
"1346","BUSIA               ",1,0,0,0,0
